id,first_name,last_name
1,Martina,Konopelski
2,Murphy,Feest
3,Jairo,Block
4,Lydia,Rice
5,Victor,Murphy
6,Olen,Kirlin
7,Louie,Koelpin
8,Braden,Spinka
9,Major,Erdman
10,Oda,Walker
11,Dolores,Heller
12,Marilou,Daniel
13,Magali,Abbott
14,Emily,Quitzon
15,Deron,Legros
16,Elvis,Moore
17,Jarrell,Beahan
18,Emiliano,Klein
19,Veronica,Gulgowski
20,Jailyn,Pfeffer
21,Pierce,Glover
22,Mackenzie,Sauer
23,Odessa,O'Conner
24,Era,Sauer
25,Alexandre,Luettgen
26,Bailey,Hodkiewicz
27,Josie,Jacobs
28,Emile,Hermann
29,Anahi,Jacobi
30,Camren,King
31,Vivienne,Casper
32,Carmelo,Will
33,Jessika,Robel
34,Destini,Dibbert
35,Tyler,Larson
36,Willis,Yundt
37,Joaquin,Rowe
38,Kirstin,Swift
39,Rhianna,Wilderman
40,Christian,Stiedemann
41,Nyah,Tromp
42,Noemy,Miller
43,Ari,Conn
44,Robyn,Nicolas
45,Izabella,Oberbrunner
46,Johnathon,Denesik
47,Haley,Littel
48,Reese,Hintz
49,Darion,Rolfson
50,Corene,Ritchie
