id,first_name,last_name,email
1,Hilton,Jacobs,Rowan33@gmail.com
2,Clint,Berge,Brendan_Murazik@hotmail.com
3,Brandi,Davis,Eduardo_Schaefer93@yahoo.com
4,Erwin,Miller,Halle46@hotmail.com
5,Vena,Torphy,Zoe34@yahoo.com
6,Mellie,Goldner,Jonatan_Bogan@yahoo.com
7,Janae,West,Kane96@yahoo.com
8,Carmen,Beier,Ocie_Roberts79@hotmail.com
9,Ebba,Witting,Claire_Aufderhar37@gmail.com
10,Benny,Fadel,Leopold.Grimes47@yahoo.com
11,Emie,Runte,Cecile.Wiza@gmail.com
12,Elva,Windler,Coralie84@gmail.com
13,Ashley,Skiles,Cale63@gmail.com
14,Jewell,Hauck,Romaine.Funk20@hotmail.com
15,Nora,Pagac,Damaris61@hotmail.com
16,Carlo,Mertz,Anya80@yahoo.com
17,Mollie,MacGyver,Roscoe_Skiles@yahoo.com
18,Glennie,Harris,Percival46@yahoo.com
19,Claudia,Schowalter,Lenore37@yahoo.com
20,Mustafa,Pagac,Lysanne.Rolfson18@yahoo.com
21,Nona,DuBuque,Maye_OHara@gmail.com
22,Hardy,Mosciski,Glenna_Harber@yahoo.com
23,Wilbert,Konopelski,Leola.Torp@gmail.com
24,Rebeka,Kutch,Megane94@hotmail.com
25,Leora,Paucek,Amara.Buckridge35@yahoo.com
26,Fermin,Schneider,Pierce57@yahoo.com
27,Ceasar,Kertzmann,Crystal_Kiehn16@gmail.com
28,Kenyatta,Champlin,Devin.Terry44@hotmail.com
29,Delphia,Luettgen,Francesca_Purdy49@hotmail.com
30,Glen,Bechtelar,Maureen56@gmail.com
31,Myrtice,Heller,Jarrell.Wilkinson48@hotmail.com
32,Malvina,McKenzie,Stacey_Marquardt95@hotmail.com
33,Marjorie,Wilkinson,Richie_Veum@gmail.com
34,Golda,Smith,Dahlia_Abshire@hotmail.com
35,Llewellyn,Stanton,Wilhelmine66@yahoo.com
36,Candido,Blick,Evalyn.Emard@hotmail.com
37,Petra,Tillman,Jarrett_Barrows22@yahoo.com
38,Frances,Hyatt,Dillan35@gmail.com
39,Leon,Legros,Aliyah_Harris24@yahoo.com
40,Adeline,Gutmann,Nathen_Padberg83@gmail.com
41,Triston,Ward,Chester.Jast53@gmail.com
42,Hollis,Kunze,Reba_Cruickshank64@hotmail.com
43,Edison,Grimes,Amelie49@gmail.com
44,Sharon,Hermann,Alisa_Klein19@hotmail.com
45,Isaiah,Parker,Zena_Howe83@gmail.com
46,Layne,Will,Vince_Pfeffer86@hotmail.com
47,Cameron,Reichel,Lea2@yahoo.com
48,Sigurd,Kozey,Valentin_Senger@gmail.com
49,Jaron,Frami,Adell_Schinner@gmail.com
50,Ashleigh,Gislason,Dolores_Wisoky@hotmail.com
51,Jordi,Hilpert,Glenna.Harvey87@gmail.com
52,Vivien,Daniel,Kira_Medhurst97@hotmail.com
53,Davin,Ondricka,Johann_Hayes75@hotmail.com
54,Marcelle,Koch,Albertha1@yahoo.com
55,Demetrius,Jakubowski,Theresia_Hoeger@gmail.com
56,Art,Kshlerin,America.Will@yahoo.com
57,Sierra,Batz,Arlene.Hermann@gmail.com
58,Dalton,McDermott,Sofia.Osinski80@yahoo.com
59,Isidro,Purdy,Sven.Daniel5@hotmail.com
60,Ben,Cremin,Jonathan0@hotmail.com
61,Alexandre,Witting,Casimir_Lesch@gmail.com
62,Nathan,Nicolas,Lenora_Zulauf@hotmail.com
63,Brown,Kilback,Jerel86@gmail.com
64,Hipolito,Hills,Elmira_Kohler@hotmail.com
65,Treva,Hintz,Sid.Prosacco14@yahoo.com
66,Heath,Hodkiewicz,Steve_Kertzmann@hotmail.com
67,Carrie,Rice,Brenda.Nolan@gmail.com
68,Luisa,McCullough,Chance29@yahoo.com
69,Ruthie,Hayes,Berta.Casper@gmail.com
70,Margret,Rosenbaum,Elliott_Champlin@hotmail.com
71,Albina,Zieme,Luigi40@yahoo.com
72,Rupert,Doyle,Adrien_Labadie@gmail.com
73,Thaddeus,Sanford,Jermey.Prohaska7@gmail.com
74,D'angelo,Kuhn,Myrtle46@gmail.com
75,Rory,Aufderhar,Kianna_MacGyver90@yahoo.com
76,Juston,Konopelski,Jaden3@yahoo.com
77,Terence,Russel,Irma_Buckridge15@yahoo.com
78,Adan,Daniel,Era.Pollich@gmail.com
79,Asia,Bartoletti,Lisette_Lemke37@gmail.com
80,Celia,Mosciski,Easton38@yahoo.com
81,Claire,Ratke,Emma.Parisian@gmail.com
82,Clementina,Price,Gerry39@gmail.com
83,Alexys,Zieme,Arne_Bartoletti9@yahoo.com
84,Modesta,Greenholt,Michael32@yahoo.com
85,Mallie,Langosh,Elaina_McGlynn23@gmail.com
86,Maxime,Pfeffer,Halle.Hagenes@yahoo.com
87,Berniece,Hegmann,Milton.Blanda@yahoo.com
88,Chadd,Ferry,Carey42@hotmail.com
89,Kylie,Rogahn,Tre.Ferry@hotmail.com
90,Katrina,Schinner,Marcelle_Reilly@yahoo.com
91,Loy,Altenwerth,Santino_Hamill@hotmail.com
92,Kelly,Ullrich,Della.Kuhn18@yahoo.com
93,Marlin,Langosh,Josianne31@hotmail.com
94,Newell,Hayes,Icie_Heathcote@hotmail.com
95,Rowland,Swift,Rafael25@hotmail.com
96,Dudley,Denesik,Camila.Schaden@hotmail.com
97,Arturo,Rice,Sonny37@hotmail.com
98,Alf,Littel,Ronaldo12@hotmail.com
99,Oscar,DuBuque,Gay.Torp@yahoo.com
100,Mina,Abbott,Shaun_Beahan69@gmail.com
101,Maegan,Hickle,Juvenal.Lockman@hotmail.com
102,Mohammad,Kuphal,Chelsey_Balistreri@yahoo.com
103,Isobel,Kuhic,Douglas.Wolff@gmail.com
104,Favian,McDermott,Florine_Thompson@yahoo.com
105,Alize,Waters,Gerson_Ortiz1@yahoo.com
106,Selina,Roberts,Ewald_Jenkins@yahoo.com
107,Don,Friesen,Hannah.Reichel@gmail.com
108,Leann,Kuvalis,Alayna75@hotmail.com
109,Aglae,Heaney,Jazmyn41@hotmail.com
110,Dessie,Abernathy,Vivianne.Kihn@gmail.com
111,Leonor,Kirlin,Aiyana.Lebsack13@hotmail.com
112,Erika,Dooley,Helmer_Braun70@yahoo.com
113,Cleo,Kertzmann,Florian_Hilll@hotmail.com
114,Leatha,Hane,Adelle.Hauck@yahoo.com
115,Pearlie,Dietrich,Jakob46@yahoo.com
116,Kasey,Lindgren,Emilia_Schaefer86@gmail.com
117,Cornelius,Ledner,Hollis_Williamson5@gmail.com
118,Jimmie,Miller,Jimmie_Powlowski27@hotmail.com
119,Geovanny,Hegmann,Brennan.Murazik@yahoo.com
120,Isaiah,Larson,Sienna70@yahoo.com
121,Sandra,Kreiger,Elton_Nitzsche67@yahoo.com
122,Susie,Casper,Emile.Stokes@hotmail.com
123,Diamond,Johnston,Gunnar.Stamm@yahoo.com
124,Francisco,Spinka,Haylee43@gmail.com
125,Jennifer,Abernathy,Jody.Quitzon78@hotmail.com
126,Alexanne,Senger,Felicity_Stroman79@hotmail.com
127,Rebeca,Corwin,Brennan_MacGyver52@yahoo.com
128,Connor,Lindgren,Nickolas_Macejkovic@gmail.com
129,Pattie,Lemke,Carmen84@gmail.com
130,Lula,Luettgen,Roosevelt64@yahoo.com
131,Bernie,Leffler,Clark_VonRueden@yahoo.com
132,Zack,McGlynn,Gisselle.Kiehn@yahoo.com
133,Manley,Volkman,Charles30@hotmail.com
134,Larue,Gottlieb,Brady_McClure32@hotmail.com
135,Chanelle,Flatley,Noel_Heller@hotmail.com
136,Tyrique,Brakus,Kelly93@yahoo.com
137,Kamron,Hammes,Darian.Jenkins88@gmail.com
138,Yadira,Ward,Mose54@yahoo.com
139,Hortense,Effertz,Agustin.Corwin10@yahoo.com
140,Bernhard,Reilly,Cecile_Purdy43@gmail.com
141,Axel,Bruen,Shany73@yahoo.com
142,Alvis,Boehm,Berniece.Goodwin@gmail.com
143,Ewell,Hauck,Juanita_Fahey52@hotmail.com
144,Tyrell,Crona,Noe_Wyman@yahoo.com
145,Lillian,Barton,Sanford.Hahn39@yahoo.com
146,London,Beer,Eda_Fritsch@gmail.com
147,Geovanni,Little,Lennie_Orn34@hotmail.com
148,Dianna,Bins,Emilie18@yahoo.com
149,Ellsworth,Waters,Art81@hotmail.com
150,Cicero,Kris,Orion.Swift@gmail.com
151,Fae,Lockman,Noelia_Bode41@yahoo.com
152,Gerald,King,Eloy.Emard@gmail.com
153,Jovanny,Bergnaum,Lina_Welch76@gmail.com
154,Laverne,Lemke,Gregoria_Bernier@yahoo.com
155,Foster,Hirthe,Elissa_Jerde89@hotmail.com
156,Abel,Sanford,Jamir.Fritsch45@gmail.com
157,Cleve,Lynch,Avery_Hegmann90@gmail.com
158,River,Kuhn,Sophie.Bauch67@hotmail.com
159,Marco,Monahan,Makayla89@yahoo.com
160,Boyd,Pagac,Valerie.Price@hotmail.com
161,Amari,Lakin,Brennan.Weber@hotmail.com
162,Bernadette,Ferry,Odie.Stark98@gmail.com
163,Lee,McLaughlin,Otis.Reinger@hotmail.com
164,Ellie,Lind,Clement30@hotmail.com
165,Lela,Breitenberg,Dorcas_Ritchie71@yahoo.com
166,Kolby,Altenwerth,Herta.Sipes@hotmail.com
167,Kiara,Johns,Samir54@gmail.com
168,Ara,Donnelly,Marlin_Langworth32@hotmail.com
169,Lamar,Gibson,Valerie_Marvin@gmail.com
170,Raheem,Collins,Dustin_Kovacek55@hotmail.com
171,Reyna,Huels,Willy80@yahoo.com
172,Kristian,Hagenes,Owen.Purdy@hotmail.com
173,Esta,Lynch,Geovanni.Koelpin72@hotmail.com
174,Robb,Keeling,Albertha92@yahoo.com
175,Agustin,Langworth,Selmer.Terry@hotmail.com
176,Norene,Hodkiewicz,Gerhard.Robel@gmail.com
177,Trudie,Balistreri,Virgil_Botsford88@hotmail.com
178,Ashley,Turcotte,Owen_Kovacek@gmail.com
179,Sabryna,Barrows,Grace_Welch94@gmail.com
180,Katelynn,Gaylord,Audreanne_Howell@hotmail.com
181,Mary,Franecki,Jennyfer_Becker@hotmail.com
182,Evalyn,Bergnaum,Jolie_Dibbert@yahoo.com
183,Eileen,Walker,Hillary_Tromp62@gmail.com
184,Aliyah,Larkin,Johnson_Dooley16@hotmail.com
185,Cordelia,Kreiger,Whitney17@hotmail.com
186,Lynn,Hartmann,Zaria.Kshlerin72@hotmail.com
187,Meaghan,Nolan,Andrew_Cummerata0@yahoo.com
188,Gisselle,Champlin,Bernardo.Braun@gmail.com
189,Lurline,Deckow,Eleanore.Ferry8@yahoo.com
190,Kelli,Hammes,Skye58@hotmail.com
191,Theodore,Quigley,Mitchel_Hauck54@yahoo.com
192,Samson,Beer,Jovan98@hotmail.com
193,Treva,Collins,Marcos.Frami2@yahoo.com
194,Hyman,Feeney,Hazel_Becker94@yahoo.com
195,Laisha,Hansen,Chasity_Effertz29@yahoo.com
196,Kyra,Abernathy,Lee84@gmail.com
197,Irving,Gerlach,Kenyatta.Crooks44@yahoo.com
198,Beverly,Casper,Tia_Kerluke96@yahoo.com
199,Geoffrey,Macejkovic,Breana89@hotmail.com
200,Demarco,Nader,Gladyce_Towne@hotmail.com