id,title_id,customer_id,review,rate
1,37,83,Aut quis dolorem. Totam voluptatum cum dignissimos quam dicta quia ut officia. Incidunt iusto assumenda ullam et labore sapiente.,5
2,49,26,Mollitia odit est expedita provident reiciendis optio. Maiores rem eos ut. Eos rerum unde aut consequatur tempora fugiat provident numquam ipsum.,4
3,64,20,Saepe aut animi sed tempora atque. Unde ut totam quod nemo omnis natus pariatur repellendus sint. Sed veritatis molestias animi et quo eum ipsum et. Iure alias velit neque accusamus. Unde amet veritatis voluptatem sit.,0
4,72,8,Porro quis blanditiis harum architecto aut exercitationem quos reprehenderit. Eos in provident molestiae et provident odit. Atque necessitatibus a.,0
5,67,38,Perferendis excepturi similique facere in id quis cumque quis. Alias ut aut tempore ut porro omnis in architecto accusantium. Temporibus maxime qui voluptas ratione et. Sunt eum eos facilis. Eum molestias aut ipsum ipsam temporibus.,5
6,29,79,Est ex corrupti quia fugiat et similique occaecati nam. Consectetur in accusantium. Quas vitae et laborum voluptas architecto culpa. Voluptas qui asperiores dolor eligendi praesentium vero odit.,4
7,88,64,Illum id dolore quis accusamus sed et et. Laudantium ad accusantium libero odio quisquam sit veniam. Dolores itaque velit labore quisquam sit magnam et deleniti perspiciatis. Voluptatibus perspiciatis sequi nam est voluptas expedita ab praesentium quos. Omnis error autem voluptas. Et est eum aut et esse est voluptas quas.,1
8,47,67,Provident nostrum eligendi aut dolores qui nostrum. Consequatur pariatur voluptatem doloribus. Ipsam nihil id soluta quaerat dignissimos consequatur. Autem laborum harum rerum autem. Expedita neque et aliquam quia mollitia. Dignissimos quod a iusto numquam saepe corrupti nisi.,2
9,71,25,Molestiae rerum eaque omnis hic dolore. Voluptas voluptas commodi. Quam omnis eos laboriosam eaque est nulla.,5
10,96,44,Non qui quasi beatae sit in ducimus perferendis dicta. Voluptatum aut incidunt cumque quia ipsa quia tempore quos soluta. Exercitationem rem ratione hic voluptatem hic deleniti laboriosam nesciunt consectetur. Voluptatem ut aut. Ut omnis architecto.,4
11,28,58,Error perspiciatis quo fugit enim. Ducimus recusandae nam est non dolor magnam. Molestiae accusantium et ea et hic sapiente tempora omnis. In consequatur qui.,3
12,73,11,Rerum officiis eos totam. Et alias omnis a nihil ad harum ut ut. Neque qui omnis dolor. Aut saepe dolor quam voluptas. Dolorem inventore ullam exercitationem.,4
13,78,88,Dignissimos hic corporis. Ipsam voluptates perspiciatis ducimus eaque ipsa provident esse libero. Est numquam et dignissimos omnis vel sed consequatur ad.,3
14,32,9,Tempora iste quis consectetur voluptas consequatur non est saepe. Autem non mollitia aliquid iusto est eum. Aliquam inventore laudantium nostrum magnam earum qui. Qui velit eum quod molestiae. Et inventore nihil enim velit quo.,3
15,59,22,Itaque qui numquam sit sed omnis quia ab fuga repellendus. Qui impedit non deserunt placeat a. Odio sapiente maiores voluptate. Incidunt ea beatae suscipit. Sit occaecati saepe. Minus cum quo ipsa exercitationem doloribus provident facere et.,1
16,83,56,Exercitationem aperiam ut excepturi. Eos sed et veritatis. Eius provident perspiciatis aliquid aut. Quia ipsa et quia consequatur repudiandae nostrum eos sunt sit.,5
17,66,1,Eos error placeat dolores. Est voluptas nulla impedit iure ex animi iusto eum in. Suscipit similique dolorum doloremque est provident consequatur occaecati.,2
18,11,30,Aut sit ut occaecati. Nesciunt tenetur ad aut. Molestiae qui qui et pariatur. Excepturi ex consequuntur iusto fugit reprehenderit voluptas beatae et recusandae. In quam praesentium aut qui vitae enim tempora. Numquam beatae molestiae eos.,0
19,64,1,Ut et possimus illo et beatae aperiam consectetur. Voluptate minima tempore enim est optio. Veniam sapiente quis illo. Excepturi in aut provident in sint repudiandae accusantium quis quo. Sunt blanditiis non perferendis. Dolor est accusantium.,3
20,54,80,Neque molestiae aut consectetur labore praesentium blanditiis quis voluptates. Vel error molestias. Aliquid vel temporibus nihil qui. Sunt rerum quia aperiam tempora omnis velit non.,2
21,99,95,Officia minima corrupti sed reprehenderit in aperiam voluptatem ad. Assumenda rerum quasi qui est error. Sed repudiandae quo quia omnis possimus. Distinctio perferendis et. Officia animi vel facere eligendi.,0
22,81,87,Animi incidunt eum quod dignissimos qui reprehenderit. Dolorem eveniet perspiciatis dolorem vel harum porro veniam temporibus. Et praesentium qui voluptas necessitatibus ut. Et rem nobis.,3
23,16,66,Ut quo suscipit ipsam est ipsam illo. Atque nesciunt autem consequuntur et quod enim iure qui. Placeat mollitia et omnis et ullam accusamus culpa praesentium.,3
24,10,32,Repudiandae et repellat ullam qui natus non voluptate animi aut. Et eius aspernatur. Et libero inventore aut ab dolor voluptatem.,2
25,68,22,Omnis nulla repellendus vel. Commodi et nam quia aut id magnam ut ipsum. Aut voluptas ipsa corrupti.,5
26,63,36,Consectetur et hic et natus quia eveniet. Sed vero sunt nemo odit vero nihil nisi amet et. Qui et blanditiis et earum enim fuga iste eaque.,3
27,28,1,Voluptas qui et error optio. Et aut nobis culpa harum ullam et consequuntur cumque repudiandae. Nemo quia et temporibus ut labore.,3
28,67,40,Possimus voluptatem numquam hic nisi tempore. Corrupti aut distinctio commodi aut. Repellat inventore voluptas aperiam nobis fugiat quia enim eos. Quia consectetur deserunt cupiditate itaque cum voluptas eum labore. Possimus est quia dolore necessitatibus provident explicabo ipsum blanditiis eum. Blanditiis quam eum voluptas quos beatae laudantium libero.,2
29,66,91,Aut quaerat itaque occaecati quia quis aut. Dolore rerum est deserunt expedita iste ea est soluta. Magni nihil tempora nulla veritatis sed ut iure distinctio quaerat.,3
30,49,18,Facilis inventore ex aliquam. Expedita at cum earum mollitia qui. Tempore architecto modi velit. Ea quis eos laboriosam nemo non reiciendis earum ipsa totam.,2
31,55,90,Velit magnam enim officiis voluptatem rerum assumenda qui doloremque. Voluptatibus voluptatem ullam odit. Ea aut minima aut. Similique dolorem quia placeat occaecati.,1
32,78,84,Rerum harum illum laboriosam eos est dolorum. Repellendus et quo assumenda non omnis. Rerum est sit corporis deleniti. Et repellendus architecto beatae.,1
33,40,12,Cupiditate quasi aut harum ducimus non. Praesentium minima quam enim. Quos esse aut nam porro excepturi nihil aut qui aut. Cupiditate quia veritatis distinctio blanditiis. Sint ut beatae dolore et ut ea et et.,3
34,61,15,Hic ducimus non debitis consequuntur tenetur nemo voluptatem. Dolorem sunt quod omnis molestiae eveniet adipisci. Est numquam illo. Officia sed earum commodi et inventore quo laboriosam enim. Occaecati exercitationem quia in cupiditate. Quos consequatur consequatur nesciunt qui.,2
35,5,53,Error eligendi quos voluptatem praesentium illum possimus vitae. Unde beatae amet nam omnis recusandae atque laudantium. Et eaque deleniti reiciendis voluptatibus dolor. Delectus reprehenderit rerum ipsam et eos sequi et eum.,0
36,4,7,Debitis doloribus dolore consequatur eveniet aliquam earum perferendis reiciendis. Atque exercitationem dolor omnis accusantium voluptatem sint. Velit minus consequatur cupiditate aut qui voluptatem quae velit. Ut dolores aut suscipit aspernatur.,1
37,15,8,Sit et quaerat nihil suscipit dolor praesentium facere architecto. Illo quos molestiae itaque accusamus. Quos in dignissimos odit iusto eius quas qui sunt.,4
38,96,100,Aut neque et deleniti officiis fuga veritatis nulla est veniam. Repudiandae modi sunt laudantium totam eligendi minima aperiam sint veniam. Vel qui excepturi voluptates voluptas dicta. Quibusdam enim ut eius. Dolore nulla fugit et perspiciatis quo in molestiae. Exercitationem quia veniam quo maiores numquam quaerat ut incidunt itaque.,4
39,93,81,Quia tempore nihil omnis nisi laudantium quis assumenda. Quia inventore consequatur quia et accusamus. Doloribus rerum quae hic sapiente sed vero. Voluptatem doloribus amet expedita exercitationem cupiditate. Fugiat facilis consequatur facilis. Et molestiae sed tenetur reiciendis eum alias qui aspernatur molestiae.,1
40,97,42,Tenetur qui illum et et culpa. Enim in illum sed facere voluptas asperiores maxime. Mollitia mollitia quasi ipsam eius ex nam dolores. Reprehenderit eum dicta aut quidem molestiae exercitationem quod. Et debitis et iure voluptas. Reiciendis non aspernatur qui molestiae laborum ducimus dolor incidunt.,5
41,4,60,Architecto cum qui quisquam. Ut ipsam aliquam. Porro harum architecto assumenda necessitatibus blanditiis pariatur maiores. Dolorum minima odit rerum laudantium. Consectetur quod tempore delectus ut eum similique. Rerum cumque nihil qui ipsa sunt nam.,3
42,57,72,Rem pariatur non et voluptatem repellat ut qui facere aut. Assumenda omnis est inventore ut dolorem nulla ut numquam. Tempore dolorem et. Nostrum placeat qui illum.,4
43,11,11,Ut unde corrupti eos distinctio maxime atque qui. Maiores perferendis nisi eligendi. Excepturi modi ratione quibusdam. Rerum rerum voluptates aut eum sit. Praesentium hic enim. Sunt non consequuntur voluptatem quo quia ut iste.,3
44,35,69,Tenetur id occaecati est nam sapiente possimus voluptatem. Id doloremque cum exercitationem sequi et a ducimus ullam. Expedita nulla sunt et harum minima vitae repudiandae vitae repudiandae. Dolorum cumque ut. Impedit qui delectus.,2
45,58,49,Placeat porro autem ut. Numquam nisi error natus nisi perspiciatis ipsum numquam. Exercitationem fugit aliquam ut est sit recusandae consectetur. Et iusto est est et. Id excepturi at et dignissimos dolorem est voluptatem beatae aliquid.,3
46,12,54,Saepe modi in temporibus enim incidunt magnam autem alias. Autem sed voluptatem corrupti ut consequatur tempora dolorem. Excepturi tenetur eaque labore. Mollitia recusandae cum commodi.,2
47,25,67,Doloribus quidem culpa voluptas est aut enim veniam accusamus. Ratione aut incidunt quae dolor earum sit labore voluptatem. Praesentium nulla ex pariatur quidem exercitationem. Quia ut ratione autem nisi itaque accusantium rerum.,3
48,93,19,Error qui inventore minus voluptas quo nobis laboriosam voluptates. Perspiciatis natus saepe natus. Culpa alias neque non architecto perspiciatis eius veritatis minima totam.,3
49,43,9,Ut et at. Laudantium modi perspiciatis nemo tenetur in repellat quidem. Fugiat sit cum.,2
50,100,84,Dolorem tempore consequatur placeat voluptatum veritatis enim blanditiis totam fugit. Ipsam quia harum deleniti quas et autem consequuntur est. Et unde quia blanditiis laborum repellat maxime. Nam quia iste vel qui provident esse. Esse praesentium qui aut porro.,2
51,12,91,Accusamus nisi expedita quia et consectetur. Ut et qui neque quam laudantium aliquid ipsum qui. Neque alias non ut dolorum ad. Et ut est magni.,2
52,45,86,Quos qui sed. Et temporibus facilis. Ut iste labore minus maxime consequuntur laboriosam quidem excepturi. Aut voluptates tempore tenetur magni.,5
53,88,29,Qui non culpa possimus accusantium. In commodi est tempora. Occaecati molestiae sunt. Qui dolorum dolor deleniti consectetur.,4
54,4,16,Quis minima ipsum exercitationem dolore dolore. Ipsa officiis maiores et est alias quis voluptatem. Tempora dignissimos maxime amet.,1
55,14,71,Dolor non non. Sint architecto quae magnam totam ea quaerat necessitatibus dolorum dolor. Molestiae perspiciatis possimus et at voluptate occaecati accusantium.,1
56,73,50,Doloribus et autem. Modi natus suscipit. Neque eveniet deleniti enim harum et cum praesentium laborum. Fuga enim recusandae voluptatem et voluptates soluta porro. Quidem ad rerum quaerat.,3
57,78,69,Tempore qui et qui et. Magnam minima dolor architecto corporis totam impedit optio vitae consequatur. Maiores vero ipsa et odit velit possimus.,2
58,39,31,Corporis laudantium repellendus et et ut deserunt dolores omnis. Ut magni rerum enim deleniti est ex illum omnis. Vero vero omnis distinctio voluptates ut aperiam error.,1
59,57,90,Consequatur quos aut qui error doloremque autem et similique qui. Ullam amet quasi. Eaque ipsam eum sed accusamus. Quam id id molestiae modi beatae recusandae qui possimus tempora.,5
60,84,3,Quia ut ipsam rem cumque explicabo minima voluptatem. Explicabo aut consectetur magni et odit aut aut numquam consequuntur. Commodi nulla itaque. Impedit modi ratione provident ex rem.,0
61,65,62,Architecto nobis maxime debitis. Suscipit repudiandae dolores odit et et. Velit vel incidunt.,5
62,10,67,Id sit voluptas doloribus illo itaque adipisci et. Molestiae sunt ea sint. Enim facere recusandae quae qui et dolorem est est quia. Quidem mollitia inventore eos iure iste dignissimos voluptatem voluptas rerum. Quia quasi delectus quia rerum voluptas placeat a. Aut voluptas sint aut laudantium voluptas officiis tenetur non maiores.,4
63,37,30,Ut sequi ad qui culpa dolor distinctio culpa ipsa. Repellat voluptatum minus. Et voluptatum quae qui. Nihil aut sunt ab dignissimos qui dolorem. Magnam qui alias rerum ut quis aut ipsa adipisci architecto. Quia dolorem incidunt ut sint.,4
64,11,80,Et laudantium exercitationem repellat repellat velit ipsam quia delectus dolorum. Dicta quod et sint. Quasi iusto dignissimos. Consequatur consectetur qui et ut rem perspiciatis sit quidem sunt. Incidunt quis labore perspiciatis eos consequatur ullam.,0
65,7,52,Pariatur quis ad. Ea fugit sunt similique nihil pariatur omnis. Similique sint exercitationem officia ab ipsum qui eligendi sit nisi. Rerum temporibus cumque unde ipsam dolorem qui. Unde ratione eius nulla possimus voluptatibus aperiam hic.,0
66,36,87,Sed ducimus tempore itaque praesentium hic. Consequatur qui placeat in ea et minima asperiores rerum consequatur. Nisi unde dignissimos quis. Autem non qui quidem ratione laborum nemo consectetur impedit ipsa. Aspernatur est quod.,1
67,48,59,Voluptate qui id id laboriosam occaecati dolorem officia. Non dicta in sed necessitatibus rem perspiciatis. Non est libero aut ea iure a repudiandae saepe. Mollitia iusto libero autem facere quo est voluptates. Quo et deserunt ducimus repellendus nam. Atque voluptatum dolorum optio deserunt corporis et ut.,1
68,54,92,In officiis aut perspiciatis et id dolorum nostrum et. Odit optio beatae aspernatur aperiam fugit consequuntur exercitationem. Rerum impedit cum porro rerum facilis vel ullam similique. Beatae nostrum voluptatem aperiam eos recusandae hic qui et perspiciatis.,0
69,24,38,Aut voluptates est esse libero sed totam. Officiis quia molestias quidem. Est nulla nostrum quisquam expedita. Dolorum libero in dolor quae libero. Et aperiam est quam adipisci qui nihil voluptas. Ut in quo.,5
70,100,16,Veniam dignissimos ducimus quia vitae sit aut natus voluptas. Voluptas repellendus aliquam voluptatem est officiis ab quia similique praesentium. Similique atque non et sed omnis optio. Quas libero vitae. Hic dolor optio est blanditiis eos in iure quasi.,1
71,100,42,Fugiat aut consequatur. Perspiciatis tempora nesciunt ut dicta perferendis dolorem consequuntur odio cum. Quo sit ab.,4
72,94,91,Ut sit iste. Aut et maiores nesciunt et vel ut consequatur sed. Ipsum voluptas sint autem libero voluptates.,5
73,13,39,Explicabo omnis autem asperiores eum dolores et dolorum illo. Quod aliquid voluptas unde aut tempore. Distinctio porro velit amet dignissimos officia. Beatae mollitia est.,3
74,64,50,Dicta mollitia non quia impedit vero. Dolores et a aliquid natus. Molestias architecto accusantium ea corrupti modi quos culpa maxime voluptatem. Quia voluptas reiciendis enim quidem autem et rerum facere.,2
75,13,99,Aperiam dolorem nesciunt. Rerum eum cumque dolore eaque magni dolores et. Enim eos ipsum aliquam nisi iure voluptatem maxime dolor consequatur. Earum dolores explicabo et non est quasi. At ipsa consequuntur ipsum. Soluta nihil et repellendus voluptates rem molestiae dolore suscipit magni.,1
76,86,53,Est voluptate voluptatem fuga earum. Praesentium omnis cum rerum quos. Dignissimos deleniti eos neque. Quos eum voluptas temporibus voluptatem ut quidem non quia et.,0
77,78,77,Ea autem aut consectetur voluptas molestiae quidem provident. Quas veritatis minima eius veniam quis illum in et. Vitae quibusdam commodi dolorem consectetur non maxime. Sunt assumenda quidem porro. Sapiente eaque nulla dolorem necessitatibus vero occaecati.,1
78,44,66,Et rerum ex iusto. Commodi consequatur ipsam ut tempora delectus ut. Rem dolorem qui eligendi ab architecto blanditiis in praesentium. Sed mollitia voluptatem dolorem corporis animi et sed harum dicta. Cumque voluptatem officia quidem ipsam voluptas possimus aut velit occaecati. Et possimus voluptas nihil magnam placeat ab odit.,4
79,99,48,Sunt ut excepturi ipsum nostrum et. Repellendus nemo sed blanditiis maiores nobis tenetur quis esse. Molestias assumenda rerum. Dignissimos necessitatibus qui ut nihil impedit voluptate id quia accusamus. Necessitatibus consectetur repellat unde optio voluptatem sint sed repudiandae dolores.,1
80,45,91,Et et est. Quam nam expedita. Iste in qui id exercitationem. Est quos qui. Aperiam est sed et perspiciatis. Enim fuga nihil tempora quia dolore sequi.,2
81,54,45,Aut non impedit repudiandae dolorum voluptas harum quo sed earum. Aut in qui ducimus sed nam. Quidem ut totam voluptatibus culpa inventore cum nihil commodi. Hic quae dolor at. Assumenda doloribus voluptas. Voluptas voluptate eum odio dicta ea.,2
82,40,75,Sit dolores consequatur accusamus. Dolor quia dolor dignissimos consequuntur. Incidunt eum quia. Voluptatem ullam sint aut doloremque qui veritatis.,5
83,56,45,Non sint id ab saepe quos officia qui inventore. Dolore placeat praesentium velit facilis corporis quas id sapiente. Molestias est ut voluptatem officiis voluptas. Nesciunt voluptates nihil dicta fuga porro laborum ipsam quo.,0
84,41,62,Sed est ipsa id dolorem. Modi facilis repellat. Cumque doloremque ea reprehenderit quia provident deserunt rerum. Iure nobis ipsa fugit aliquam.,3
85,30,49,Dolor saepe blanditiis facere qui aut. Rerum quas ut ab ut maxime rerum velit. Ut voluptatum excepturi est sit placeat sit tenetur.,2
86,85,10,Odit omnis tempore corporis alias quia dolorum nesciunt. Doloribus mollitia nihil nisi accusamus reprehenderit incidunt repellendus aliquam. Repellat aut explicabo quo dolores est architecto quas molestias ad.,1
87,11,100,Est sit ut voluptatem molestiae quo et sit reprehenderit cumque. Praesentium perspiciatis id. Aperiam iusto ut commodi pariatur qui ex qui omnis nam. Assumenda sit laborum minus quod corrupti alias.,0
88,61,47,Fuga sit ut sit veniam dignissimos quia enim. Laboriosam porro laudantium corporis illo voluptas. Pariatur sunt voluptatibus laborum culpa consequuntur et aut. Voluptatem cumque aliquam. Qui ratione enim possimus ducimus. Voluptatem perspiciatis tempora repudiandae.,1
89,63,21,Doloremque sint rerum nulla vitae velit et molestiae cupiditate similique. Corrupti perspiciatis qui qui maiores quis. Soluta quaerat molestiae iste. Nobis est cumque. Architecto nam voluptatem deserunt ab est facilis porro.,3
90,68,9,Sunt nemo tempore optio ea dolorem quibusdam. Nisi quibusdam voluptas. Rerum earum autem dolor atque voluptates quaerat ut.,3
91,46,64,Modi neque at voluptates laudantium vitae repellendus corporis. Maiores dicta sequi deserunt sit et provident. Atque sapiente saepe. Optio reprehenderit non deserunt eos quia consectetur magni. Non facere omnis porro quia in modi nemo illo.,3
92,10,97,Doloribus qui esse non nam. Tempore sint debitis eos. Quam repudiandae minus. Aspernatur et magnam sint. Est vero alias.,1
93,41,56,Et ea eum est sit omnis accusantium sit. Sit quo fugit id dolor. Necessitatibus voluptatem est voluptate perferendis. Ut rerum qui sed voluptatem maxime vel animi. Nostrum rerum facilis provident non sunt delectus sed in. Labore atque quas voluptate consectetur totam commodi ipsum omnis.,0
94,11,38,Voluptates laudantium ut et possimus assumenda ut maiores. Eius dolor ut tempore nisi officiis enim dicta voluptatibus. Odio nihil doloribus voluptate commodi consequatur saepe optio nihil.,3
95,89,92,Reprehenderit suscipit consequuntur ut est magni libero blanditiis sint non. Aperiam sed error sit ipsum debitis. Vero velit eveniet molestias iste est sapiente.,0
96,3,72,Autem laudantium voluptas rem error eos culpa. Dolorem qui delectus ad et voluptatem molestiae eum in magni. Numquam aspernatur deserunt voluptas nemo sunt perferendis odit sit. Aut magnam sit accusantium pariatur. Explicabo repellendus placeat quia tempore dolor.,0
97,56,98,Tempora sint voluptatem laudantium voluptatum voluptatem. Sapiente dolore ipsa et quod tempore non repellendus facere qui. Molestiae atque qui quibusdam provident quidem qui voluptas est. Autem in in optio ad magni. Et tenetur hic repudiandae pariatur quo ipsum et cum. Ex in tenetur neque harum est sunt accusamus et.,1
98,12,36,Accusamus cum ut mollitia. Quia ipsam velit voluptas tenetur temporibus quia molestiae dolorum quam. Eum dolore recusandae sunt dignissimos quibusdam.,1
99,20,65,Sed qui cupiditate earum. Adipisci tempore quibusdam similique. Velit sed perferendis non qui ut qui inventore.,1
100,55,92,Dolor dolor pariatur et dolorum et nisi iusto. Ut sit ab molestiae sunt. Illo qui dolorum repellat ducimus eaque explicabo assumenda id non. Ducimus similique aspernatur ullam.,0
